"logposterior","loglikelihood","logprior"
-5.44000009395669963e+02,-5.44000009395669963e+02,0.00000000000000000e+00
-5.44000009395669963e+02,-5.44000009395669963e+02,0.00000000000000000e+00
-5.44000009395669963e+02,-5.44000009395669963e+02,0.00000000000000000e+00
-5.44000009395669963e+02,-5.44000009395669963e+02,0.00000000000000000e+00
-5.44000009395669963e+02,-5.44000009395669963e+02,0.00000000000000000e+00
-5.44000009395669963e+02,-5.44000009395669963e+02,0.00000000000000000e+00
-5.44000009395669963e+02,-5.44000009395669963e+02,0.00000000000000000e+00
-5.44000009395669963e+02,-5.44000009395669963e+02,0.00000000000000000e+00
-5.44000009395669963e+02,-5.44000009395669963e+02,0.00000000000000000e+00
-5.44000009395669963e+02,-5.44000009395669963e+02,0.00000000000000000e+00
-5.44000009395669963e+02,-5.44000009395669963e+02,0.00000000000000000e+00
-5.44000009395669963e+02,-5.44000009395669963e+02,0.00000000000000000e+00
-5.44000009395669963e+02,-5.44000009395669963e+02,0.00000000000000000e+00
-5.44000009395669963e+02,-5.44000009395669963e+02,0.00000000000000000e+00
-5.44000009395669963e+02,-5.44000009395669963e+02,0.00000000000000000e+00
-5.44000009395669963e+02,-5.44000009395669963e+02,0.00000000000000000e+00
-5.44000009395669963e+02,-5.44000009395669963e+02,0.00000000000000000e+00
-5.44000009395669963e+02,-5.44000009395669963e+02,0.00000000000000000e+00
-5.44000009395669963e+02,-5.44000009395669963e+02,0.00000000000000000e+00
-5.44000009395669963e+02,-5.44000009395669963e+02,0.00000000000000000e+00
-5.44000009395669963e+02,-5.44000009395669963e+02,0.00000000000000000e+00
-5.44000009395669963e+02,-5.44000009395669963e+02,0.00000000000000000e+00
-5.44000009395669963e+02,-5.44000009395669963e+02,0.00000000000000000e+00
-5.44000009395669963e+02,-5.44000009395669963e+02,0.00000000000000000e+00
-5.44000009395669963e+02,-5.44000009395669963e+02,0.00000000000000000e+00
-5.44000009395669963e+02,-5.44000009395669963e+02,0.00000000000000000e+00
-5.44000009395669963e+02,-5.44000009395669963e+02,0.00000000000000000e+00
-5.44000009395669963e+02,-5.44000009395669963e+02,0.00000000000000000e+00
-5.44000009395669963e+02,-5.44000009395669963e+02,0.00000000000000000e+00
-5.44000009395669963e+02,-5.44000009395669963e+02,0.00000000000000000e+00
-5.44000009395669963e+02,-5.44000009395669963e+02,0.00000000000000000e+00
-5.44000009395669963e+02,-5.44000009395669963e+02,0.00000000000000000e+00
-5.44000009395669963e+02,-5.44000009395669963e+02,0.00000000000000000e+00
-5.44000009395669963e+02,-5.44000009395669963e+02,0.00000000000000000e+00
-5.44000009395669963e+02,-5.44000009395669963e+02,0.00000000000000000e+00
-5.44000009395669963e+02,-5.44000009395669963e+02,0.00000000000000000e+00
-5.44000009395669963e+02,-5.44000009395669963e+02,0.00000000000000000e+00
-5.44000009395669963e+02,-5.44000009395669963e+02,0.00000000000000000e+00
-5.44000009395669963e+02,-5.44000009395669963e+02,0.00000000000000000e+00
-5.44000009395669963e+02,-5.44000009395669963e+02,0.00000000000000000e+00
-5.44000009395669963e+02,-5.44000009395669963e+02,0.00000000000000000e+00
-5.44000009395669963e+02,-5.44000009395669963e+02,0.00000000000000000e+00
-5.44000009395669963e+02,-5.44000009395669963e+02,0.00000000000000000e+00
-5.44000009395669963e+02,-5.44000009395669963e+02,0.00000000000000000e+00
-5.44000009395669963e+02,-5.44000009395669963e+02,0.00000000000000000e+00
-5.44000009395669963e+02,-5.44000009395669963e+02,0.00000000000000000e+00
-5.44000009395669963e+02,-5.44000009395669963e+02,0.00000000000000000e+00
-5.44000009395669963e+02,-5.44000009395669963e+02,0.00000000000000000e+00
-5.44000009395669963e+02,-5.44000009395669963e+02,0.00000000000000000e+00
-5.44000009395669963e+02,-5.44000009395669963e+02,0.00000000000000000e+00
-5.44000009395669963e+02,-5.44000009395669963e+02,0.00000000000000000e+00
-5.44000009395669963e+02,-5.44000009395669963e+02,0.00000000000000000e+00
-5.44000009395669963e+02,-5.44000009395669963e+02,0.00000000000000000e+00
-5.44000009395669963e+02,-5.44000009395669963e+02,0.00000000000000000e+00
-5.44000009395669963e+02,-5.44000009395669963e+02,0.00000000000000000e+00
-5.44000009395669963e+02,-5.44000009395669963e+02,0.00000000000000000e+00
-5.44000009395669963e+02,-5.44000009395669963e+02,0.00000000000000000e+00
-5.44000009395669963e+02,-5.44000009395669963e+02,0.00000000000000000e+00
-5.44000009395669963e+02,-5.44000009395669963e+02,0.00000000000000000e+00
-5.44000009395669963e+02,-5.44000009395669963e+02,0.00000000000000000e+00
-5.44000009395669963e+02,-5.44000009395669963e+02,0.00000000000000000e+00
-5.44000009395669963e+02,-5.44000009395669963e+02,0.00000000000000000e+00
-5.44000009395669963e+02,-5.44000009395669963e+02,0.00000000000000000e+00
-5.44000009395669963e+02,-5.44000009395669963e+02,0.00000000000000000e+00
-5.44000009395669963e+02,-5.44000009395669963e+02,0.00000000000000000e+00
-5.44000009395669963e+02,-5.44000009395669963e+02,0.00000000000000000e+00
-5.44000009395669963e+02,-5.44000009395669963e+02,0.00000000000000000e+00
-5.44000009395669963e+02,-5.44000009395669963e+02,0.00000000000000000e+00
-5.44000009395669963e+02,-5.44000009395669963e+02,0.00000000000000000e+00
-5.44000009395669963e+02,-5.44000009395669963e+02,0.00000000000000000e+00
-5.44000009395669963e+02,-5.44000009395669963e+02,0.00000000000000000e+00
-5.44000009395669963e+02,-5.44000009395669963e+02,0.00000000000000000e+00
-5.44000009395669963e+02,-5.44000009395669963e+02,0.00000000000000000e+00
-5.44000009395669963e+02,-5.44000009395669963e+02,0.00000000000000000e+00
-5.44000009395669963e+02,-5.44000009395669963e+02,0.00000000000000000e+00
-5.44000009395669963e+02,-5.44000009395669963e+02,0.00000000000000000e+00
-5.44000009395669963e+02,-5.44000009395669963e+02,0.00000000000000000e+00
-5.44000009395669963e+02,-5.44000009395669963e+02,0.00000000000000000e+00
-5.44000009395669963e+02,-5.44000009395669963e+02,0.00000000000000000e+00
-5.44000009395669963e+02,-5.44000009395669963e+02,0.00000000000000000e+00
-5.44000009395669963e+02,-5.44000009395669963e+02,0.00000000000000000e+00
-5.44000009395669963e+02,-5.44000009395669963e+02,0.00000000000000000e+00
-5.44000009395669963e+02,-5.44000009395669963e+02,0.00000000000000000e+00
-5.44000009395669963e+02,-5.44000009395669963e+02,0.00000000000000000e+00
-5.44000009395669963e+02,-5.44000009395669963e+02,0.00000000000000000e+00
-5.44000009395669963e+02,-5.44000009395669963e+02,0.00000000000000000e+00
-5.44000009395669963e+02,-5.44000009395669963e+02,0.00000000000000000e+00
-5.44000009395669963e+02,-5.44000009395669963e+02,0.00000000000000000e+00
-5.44000009395669963e+02,-5.44000009395669963e+02,0.00000000000000000e+00
-5.44000009395669963e+02,-5.44000009395669963e+02,0.00000000000000000e+00
-5.44000009395669963e+02,-5.44000009395669963e+02,0.00000000000000000e+00
-5.44000009395669963e+02,-5.44000009395669963e+02,0.00000000000000000e+00
-5.44000009395669963e+02,-5.44000009395669963e+02,0.00000000000000000e+00
-5.44000009395669963e+02,-5.44000009395669963e+02,0.00000000000000000e+00
-5.44000009395669963e+02,-5.44000009395669963e+02,0.00000000000000000e+00
-5.44000009395669963e+02,-5.44000009395669963e+02,0.00000000000000000e+00
-5.44000009395669963e+02,-5.44000009395669963e+02,0.00000000000000000e+00
-5.44000009395669963e+02,-5.44000009395669963e+02,0.00000000000000000e+00
-5.44000009395669963e+02,-5.44000009395669963e+02,0.00000000000000000e+00
-5.44000009395669963e+02,-5.44000009395669963e+02,0.00000000000000000e+00
-5.44000009395669963e+02,-5.44000009395669963e+02,0.00000000000000000e+00
-5.44000009395669963e+02,-5.44000009395669963e+02,0.00000000000000000e+00
-5.44000009395669963e+02,-5.44000009395669963e+02,0.00000000000000000e+00
-5.44000009395669963e+02,-5.44000009395669963e+02,0.00000000000000000e+00
-5.44000009395669963e+02,-5.44000009395669963e+02,0.00000000000000000e+00
-5.44000009395669963e+02,-5.44000009395669963e+02,0.00000000000000000e+00
-5.44000009395669963e+02,-5.44000009395669963e+02,0.00000000000000000e+00
-5.44000009395669963e+02,-5.44000009395669963e+02,0.00000000000000000e+00
-5.44000009395669963e+02,-5.44000009395669963e+02,0.00000000000000000e+00
-5.44000009395669963e+02,-5.44000009395669963e+02,0.00000000000000000e+00
-5.44000009395669963e+02,-5.44000009395669963e+02,0.00000000000000000e+00
-5.44000009395669963e+02,-5.44000009395669963e+02,0.00000000000000000e+00
-5.44000009395669963e+02,-5.44000009395669963e+02,0.00000000000000000e+00
-5.44000009395669963e+02,-5.44000009395669963e+02,0.00000000000000000e+00
-5.44000009395669963e+02,-5.44000009395669963e+02,0.00000000000000000e+00
-5.44000009395669963e+02,-5.44000009395669963e+02,0.00000000000000000e+00
-5.44000009395669963e+02,-5.44000009395669963e+02,0.00000000000000000e+00
-5.44000009395669963e+02,-5.44000009395669963e+02,0.00000000000000000e+00
-5.44000009395669963e+02,-5.44000009395669963e+02,0.00000000000000000e+00
-5.44000009395669963e+02,-5.44000009395669963e+02,0.00000000000000000e+00
-5.44000009395669963e+02,-5.44000009395669963e+02,0.00000000000000000e+00
-5.44000009395669963e+02,-5.44000009395669963e+02,0.00000000000000000e+00
-5.44000009395669963e+02,-5.44000009395669963e+02,0.00000000000000000e+00
-5.44000009395669963e+02,-5.44000009395669963e+02,0.00000000000000000e+00
-5.44000009395669963e+02,-5.44000009395669963e+02,0.00000000000000000e+00
-5.44000009395669963e+02,-5.44000009395669963e+02,0.00000000000000000e+00
-5.44000009395669963e+02,-5.44000009395669963e+02,0.00000000000000000e+00
-5.44000009395669963e+02,-5.44000009395669963e+02,0.00000000000000000e+00
-5.44000009395669963e+02,-5.44000009395669963e+02,0.00000000000000000e+00
-5.44000009395669963e+02,-5.44000009395669963e+02,0.00000000000000000e+00
-5.44000009395669963e+02,-5.44000009395669963e+02,0.00000000000000000e+00
-5.44000009395669963e+02,-5.44000009395669963e+02,0.00000000000000000e+00
-5.44000009395669963e+02,-5.44000009395669963e+02,0.00000000000000000e+00
-5.44000009395669963e+02,-5.44000009395669963e+02,0.00000000000000000e+00
-5.44000009395669963e+02,-5.44000009395669963e+02,0.00000000000000000e+00
-5.44000009395669963e+02,-5.44000009395669963e+02,0.00000000000000000e+00
-5.44000009395669963e+02,-5.44000009395669963e+02,0.00000000000000000e+00
-5.44000009395669963e+02,-5.44000009395669963e+02,0.00000000000000000e+00
-5.44000009395669963e+02,-5.44000009395669963e+02,0.00000000000000000e+00
-5.44000009395669963e+02,-5.44000009395669963e+02,0.00000000000000000e+00
-5.44000009395669963e+02,-5.44000009395669963e+02,0.00000000000000000e+00
-5.44000009395669963e+02,-5.44000009395669963e+02,0.00000000000000000e+00
-5.44000009395669963e+02,-5.44000009395669963e+02,0.00000000000000000e+00
-5.44000009395669963e+02,-5.44000009395669963e+02,0.00000000000000000e+00
-5.44000009395669963e+02,-5.44000009395669963e+02,0.00000000000000000e+00
-5.44000009395669963e+02,-5.44000009395669963e+02,0.00000000000000000e+00
-5.44000009395669963e+02,-5.44000009395669963e+02,0.00000000000000000e+00
-5.44000009395669963e+02,-5.44000009395669963e+02,0.00000000000000000e+00
-5.44000009395669963e+02,-5.44000009395669963e+02,0.00000000000000000e+00
-5.44000009395669963e+02,-5.44000009395669963e+02,0.00000000000000000e+00
-5.44000009395669963e+02,-5.44000009395669963e+02,0.00000000000000000e+00
-5.44000009395669963e+02,-5.44000009395669963e+02,0.00000000000000000e+00
-5.44000009395669963e+02,-5.44000009395669963e+02,0.00000000000000000e+00
-5.44000009395669963e+02,-5.44000009395669963e+02,0.00000000000000000e+00
-5.44000009395669963e+02,-5.44000009395669963e+02,0.00000000000000000e+00
-5.44000009395669963e+02,-5.44000009395669963e+02,0.00000000000000000e+00
-5.44000009395669963e+02,-5.44000009395669963e+02,0.00000000000000000e+00
-5.44000009395669963e+02,-5.44000009395669963e+02,0.00000000000000000e+00
-5.44000009395669963e+02,-5.44000009395669963e+02,0.00000000000000000e+00
-5.44000009395669963e+02,-5.44000009395669963e+02,0.00000000000000000e+00
-5.44000009395669963e+02,-5.44000009395669963e+02,0.00000000000000000e+00
-5.44000009395669963e+02,-5.44000009395669963e+02,0.00000000000000000e+00
-5.44000009395669963e+02,-5.44000009395669963e+02,0.00000000000000000e+00
-5.44000009395669963e+02,-5.44000009395669963e+02,0.00000000000000000e+00
-5.44000009395669963e+02,-5.44000009395669963e+02,0.00000000000000000e+00
-5.44000009395669963e+02,-5.44000009395669963e+02,0.00000000000000000e+00
-5.44000009395669963e+02,-5.44000009395669963e+02,0.00000000000000000e+00
-5.44000009395669963e+02,-5.44000009395669963e+02,0.00000000000000000e+00
-5.44000009395669963e+02,-5.44000009395669963e+02,0.00000000000000000e+00
-5.44000009395669963e+02,-5.44000009395669963e+02,0.00000000000000000e+00
-5.44000009395669963e+02,-5.44000009395669963e+02,0.00000000000000000e+00
-5.44000009395669963e+02,-5.44000009395669963e+02,0.00000000000000000e+00
-5.44000009395669963e+02,-5.44000009395669963e+02,0.00000000000000000e+00
-5.44000009395669963e+02,-5.44000009395669963e+02,0.00000000000000000e+00
-5.44000009395669963e+02,-5.44000009395669963e+02,0.00000000000000000e+00
-5.44000009395669963e+02,-5.44000009395669963e+02,0.00000000000000000e+00
-5.44000009395669963e+02,-5.44000009395669963e+02,0.00000000000000000e+00
-5.44000009395669963e+02,-5.44000009395669963e+02,0.00000000000000000e+00
-5.44000009395669963e+02,-5.44000009395669963e+02,0.00000000000000000e+00
-5.44000009395669963e+02,-5.44000009395669963e+02,0.00000000000000000e+00
-5.44000009395669963e+02,-5.44000009395669963e+02,0.00000000000000000e+00
-5.44000009395669963e+02,-5.44000009395669963e+02,0.00000000000000000e+00
-5.44000009395669963e+02,-5.44000009395669963e+02,0.00000000000000000e+00
-5.44000009395669963e+02,-5.44000009395669963e+02,0.00000000000000000e+00
-5.44000009395669963e+02,-5.44000009395669963e+02,0.00000000000000000e+00
-5.44000009395669963e+02,-5.44000009395669963e+02,0.00000000000000000e+00
-5.44000009395669963e+02,-5.44000009395669963e+02,0.00000000000000000e+00
-5.44000009395669963e+02,-5.44000009395669963e+02,0.00000000000000000e+00
-5.44000009395669963e+02,-5.44000009395669963e+02,0.00000000000000000e+00
-5.44000009395669963e+02,-5.44000009395669963e+02,0.00000000000000000e+00
-5.44000009395669963e+02,-5.44000009395669963e+02,0.00000000000000000e+00
-5.44000009395669963e+02,-5.44000009395669963e+02,0.00000000000000000e+00
-5.44000009395669963e+02,-5.44000009395669963e+02,0.00000000000000000e+00
-5.44000009395669963e+02,-5.44000009395669963e+02,0.00000000000000000e+00
-5.44000009395669963e+02,-5.44000009395669963e+02,0.00000000000000000e+00
-5.44000009395669963e+02,-5.44000009395669963e+02,0.00000000000000000e+00
-5.44000009395669963e+02,-5.44000009395669963e+02,0.00000000000000000e+00
-5.44000009395669963e+02,-5.44000009395669963e+02,0.00000000000000000e+00
-5.44000009395669963e+02,-5.44000009395669963e+02,0.00000000000000000e+00
-5.44000009395669963e+02,-5.44000009395669963e+02,0.00000000000000000e+00
-5.44000009395669963e+02,-5.44000009395669963e+02,0.00000000000000000e+00
-5.44000009395669963e+02,-5.44000009395669963e+02,0.00000000000000000e+00
-5.44000009395669963e+02,-5.44000009395669963e+02,0.00000000000000000e+00
-5.44000009395669963e+02,-5.44000009395669963e+02,0.00000000000000000e+00
-5.44000009395669963e+02,-5.44000009395669963e+02,0.00000000000000000e+00
-5.44000009395669963e+02,-5.44000009395669963e+02,0.00000000000000000e+00
-5.44000009395669963e+02,-5.44000009395669963e+02,0.00000000000000000e+00
-5.44000009395669963e+02,-5.44000009395669963e+02,0.00000000000000000e+00
-5.44000009395669963e+02,-5.44000009395669963e+02,0.00000000000000000e+00
-5.44000009395669963e+02,-5.44000009395669963e+02,0.00000000000000000e+00
-5.44000009395669963e+02,-5.44000009395669963e+02,0.00000000000000000e+00
-5.44000009395669963e+02,-5.44000009395669963e+02,0.00000000000000000e+00
-5.44000009395669963e+02,-5.44000009395669963e+02,0.00000000000000000e+00
-5.44000009395669963e+02,-5.44000009395669963e+02,0.00000000000000000e+00
-5.44000009395669963e+02,-5.44000009395669963e+02,0.00000000000000000e+00
-5.44000009395669963e+02,-5.44000009395669963e+02,0.00000000000000000e+00
-5.44000009395669963e+02,-5.44000009395669963e+02,0.00000000000000000e+00
-5.44000009395669963e+02,-5.44000009395669963e+02,0.00000000000000000e+00
-5.44000009395669963e+02,-5.44000009395669963e+02,0.00000000000000000e+00
-5.44111871480698937e+02,-5.44111871480698937e+02,0.00000000000000000e+00
-5.44111871480698937e+02,-5.44111871480698937e+02,0.00000000000000000e+00
-5.44420557623934428e+02,-5.44420557623934428e+02,0.00000000000000000e+00
-5.44420557623934428e+02,-5.44420557623934428e+02,0.00000000000000000e+00
-5.44420557623934428e+02,-5.44420557623934428e+02,0.00000000000000000e+00
-5.45576250526060903e+02,-5.45576250526060903e+02,0.00000000000000000e+00
-5.45796067567740579e+02,-5.45796067567740579e+02,0.00000000000000000e+00
-5.45796067567740579e+02,-5.45796067567740579e+02,0.00000000000000000e+00
-5.45796067567740579e+02,-5.45796067567740579e+02,0.00000000000000000e+00
-5.44442011889290598e+02,-5.44442011889290598e+02,0.00000000000000000e+00
-5.44442011889290598e+02,-5.44442011889290598e+02,0.00000000000000000e+00
-5.44872566401424820e+02,-5.44872566401424820e+02,0.00000000000000000e+00
-5.45883196474846955e+02,-5.45883196474846955e+02,0.00000000000000000e+00
-5.44820315492576697e+02,-5.44820315492576697e+02,0.00000000000000000e+00
-5.44428511436645067e+02,-5.44428511436645067e+02,0.00000000000000000e+00
-5.44428511436645067e+02,-5.44428511436645067e+02,0.00000000000000000e+00
-5.44641057619423577e+02,-5.44641057619423577e+02,0.00000000000000000e+00
-5.44199676473756085e+02,-5.44199676473756085e+02,0.00000000000000000e+00
-5.44965625670793997e+02,-5.44965625670793997e+02,0.00000000000000000e+00
-5.44965625670793997e+02,-5.44965625670793997e+02,0.00000000000000000e+00
-5.44965625670793997e+02,-5.44965625670793997e+02,0.00000000000000000e+00
-5.45645862937536549e+02,-5.45645862937536549e+02,0.00000000000000000e+00
-5.45312897669797394e+02,-5.45312897669797394e+02,0.00000000000000000e+00
-5.45312897669797394e+02,-5.45312897669797394e+02,0.00000000000000000e+00
-5.45312897669797394e+02,-5.45312897669797394e+02,0.00000000000000000e+00
-5.47091910908610998e+02,-5.47091910908610998e+02,0.00000000000000000e+00
-5.45130903244976935e+02,-5.45130903244976935e+02,0.00000000000000000e+00
-5.44739651559262029e+02,-5.44739651559262029e+02,0.00000000000000000e+00
-5.44656028020498297e+02,-5.44656028020498297e+02,0.00000000000000000e+00
-5.44656028020498297e+02,-5.44656028020498297e+02,0.00000000000000000e+00
-5.44860401117031984e+02,-5.44860401117031984e+02,0.00000000000000000e+00
-5.44310721103218157e+02,-5.44310721103218157e+02,0.00000000000000000e+00
-5.44310721103218157e+02,-5.44310721103218157e+02,0.00000000000000000e+00
-5.44531468668685193e+02,-5.44531468668685193e+02,0.00000000000000000e+00
-5.44531468668685193e+02,-5.44531468668685193e+02,0.00000000000000000e+00
-5.44998966913938261e+02,-5.44998966913938261e+02,0.00000000000000000e+00
-5.44998966913938261e+02,-5.44998966913938261e+02,0.00000000000000000e+00
-5.44998966913938261e+02,-5.44998966913938261e+02,0.00000000000000000e+00
-5.44503220068279916e+02,-5.44503220068279916e+02,0.00000000000000000e+00
-5.44503220068279916e+02,-5.44503220068279916e+02,0.00000000000000000e+00
-5.44562718023452021e+02,-5.44562718023452021e+02,0.00000000000000000e+00
-5.44762371725683010e+02,-5.44762371725683010e+02,0.00000000000000000e+00
-5.44762371725683010e+02,-5.44762371725683010e+02,0.00000000000000000e+00
-5.44762371725683010e+02,-5.44762371725683010e+02,0.00000000000000000e+00
-5.44498874829968827e+02,-5.44498874829968827e+02,0.00000000000000000e+00
-5.44498874829968827e+02,-5.44498874829968827e+02,0.00000000000000000e+00
-5.44662697762459175e+02,-5.44662697762459175e+02,0.00000000000000000e+00
-5.44662697762459175e+02,-5.44662697762459175e+02,0.00000000000000000e+00
-5.46472513826989371e+02,-5.46472513826989371e+02,0.00000000000000000e+00
-5.46472513826989371e+02,-5.46472513826989371e+02,0.00000000000000000e+00
-5.46215019436214561e+02,-5.46215019436214561e+02,0.00000000000000000e+00
-5.46215019436214561e+02,-5.46215019436214561e+02,0.00000000000000000e+00
-5.45007747391404109e+02,-5.45007747391404109e+02,0.00000000000000000e+00
-5.44588969503499925e+02,-5.44588969503499925e+02,0.00000000000000000e+00
-5.44348925518446435e+02,-5.44348925518446435e+02,0.00000000000000000e+00
-5.44971287734125667e+02,-5.44971287734125667e+02,0.00000000000000000e+00
-5.44628674881196048e+02,-5.44628674881196048e+02,0.00000000000000000e+00
-5.44628674881196048e+02,-5.44628674881196048e+02,0.00000000000000000e+00
-5.44628674881196048e+02,-5.44628674881196048e+02,0.00000000000000000e+00
-5.44499789104437582e+02,-5.44499789104437582e+02,0.00000000000000000e+00
-5.44499789104437582e+02,-5.44499789104437582e+02,0.00000000000000000e+00
-5.44499789104437582e+02,-5.44499789104437582e+02,0.00000000000000000e+00
-5.44422719562934844e+02,-5.44422719562934844e+02,0.00000000000000000e+00
-5.44422719562934844e+02,-5.44422719562934844e+02,0.00000000000000000e+00
-5.44422719562934844e+02,-5.44422719562934844e+02,0.00000000000000000e+00
-5.44422719562934844e+02,-5.44422719562934844e+02,0.00000000000000000e+00
-5.44582279773455980e+02,-5.44582279773455980e+02,0.00000000000000000e+00
-5.44430963065088690e+02,-5.44430963065088690e+02,0.00000000000000000e+00
-5.44430963065088690e+02,-5.44430963065088690e+02,0.00000000000000000e+00
-5.44430963065088690e+02,-5.44430963065088690e+02,0.00000000000000000e+00
-5.44770416652971790e+02,-5.44770416652971790e+02,0.00000000000000000e+00
-5.44770416652971790e+02,-5.44770416652971790e+02,0.00000000000000000e+00
-5.44770416652971790e+02,-5.44770416652971790e+02,0.00000000000000000e+00
-5.45236634775116045e+02,-5.45236634775116045e+02,0.00000000000000000e+00
-5.45193307330098946e+02,-5.45193307330098946e+02,0.00000000000000000e+00
-5.46002465696731292e+02,-5.46002465696731292e+02,0.00000000000000000e+00
-5.46002465696731292e+02,-5.46002465696731292e+02,0.00000000000000000e+00
-5.46002465696731292e+02,-5.46002465696731292e+02,0.00000000000000000e+00
-5.46002465696731292e+02,-5.46002465696731292e+02,0.00000000000000000e+00
-5.46002465696731292e+02,-5.46002465696731292e+02,0.00000000000000000e+00
-5.46002465696731292e+02,-5.46002465696731292e+02,0.00000000000000000e+00
-5.46002465696731292e+02,-5.46002465696731292e+02,0.00000000000000000e+00
-5.45498454805479469e+02,-5.45498454805479469e+02,0.00000000000000000e+00
-5.45498454805479469e+02,-5.45498454805479469e+02,0.00000000000000000e+00
-5.45498454805479469e+02,-5.45498454805479469e+02,0.00000000000000000e+00
-5.45498454805479469e+02,-5.45498454805479469e+02,0.00000000000000000e+00
-5.44394169295519077e+02,-5.44394169295519077e+02,0.00000000000000000e+00
-5.46935582541023450e+02,-5.46935582541023450e+02,0.00000000000000000e+00
-5.46935582541023450e+02,-5.46935582541023450e+02,0.00000000000000000e+00
-5.44862704998706704e+02,-5.44862704998706704e+02,0.00000000000000000e+00
-5.45047068889618458e+02,-5.45047068889618458e+02,0.00000000000000000e+00
-5.45047068889618458e+02,-5.45047068889618458e+02,0.00000000000000000e+00
-5.45047068889618458e+02,-5.45047068889618458e+02,0.00000000000000000e+00
-5.45047068889618458e+02,-5.45047068889618458e+02,0.00000000000000000e+00
-5.45047068889618458e+02,-5.45047068889618458e+02,0.00000000000000000e+00
-5.45269717833371374e+02,-5.45269717833371374e+02,0.00000000000000000e+00
-5.45269717833371374e+02,-5.45269717833371374e+02,0.00000000000000000e+00
-5.45269717833371374e+02,-5.45269717833371374e+02,0.00000000000000000e+00
-5.45269717833371374e+02,-5.45269717833371374e+02,0.00000000000000000e+00
-5.45584649849800371e+02,-5.45584649849800371e+02,0.00000000000000000e+00
-5.45584649849800371e+02,-5.45584649849800371e+02,0.00000000000000000e+00
-5.45584649849800371e+02,-5.45584649849800371e+02,0.00000000000000000e+00
-5.45584649849800371e+02,-5.45584649849800371e+02,0.00000000000000000e+00
-5.45584649849800371e+02,-5.45584649849800371e+02,0.00000000000000000e+00
-5.44997038538670381e+02,-5.44997038538670381e+02,0.00000000000000000e+00
-5.44997038538670381e+02,-5.44997038538670381e+02,0.00000000000000000e+00
-5.44701205347394989e+02,-5.44701205347394989e+02,0.00000000000000000e+00
-5.44701205347394989e+02,-5.44701205347394989e+02,0.00000000000000000e+00
-5.44701205347394989e+02,-5.44701205347394989e+02,0.00000000000000000e+00
-5.44701205347394989e+02,-5.44701205347394989e+02,0.00000000000000000e+00
-5.44701205347394989e+02,-5.44701205347394989e+02,0.00000000000000000e+00
-5.44701205347394989e+02,-5.44701205347394989e+02,0.00000000000000000e+00
-5.44317131598424567e+02,-5.44317131598424567e+02,0.00000000000000000e+00
-5.44923524852935316e+02,-5.44923524852935316e+02,0.00000000000000000e+00
-5.44923524852935316e+02,-5.44923524852935316e+02,0.00000000000000000e+00
-5.44162139549580274e+02,-5.44162139549580274e+02,0.00000000000000000e+00
-5.44162139549580274e+02,-5.44162139549580274e+02,0.00000000000000000e+00
-5.44162139549580274e+02,-5.44162139549580274e+02,0.00000000000000000e+00
-5.45051780164684487e+02,-5.45051780164684487e+02,0.00000000000000000e+00
-5.45051780164684487e+02,-5.45051780164684487e+02,0.00000000000000000e+00
-5.45051780164684487e+02,-5.45051780164684487e+02,0.00000000000000000e+00
-5.45051780164684487e+02,-5.45051780164684487e+02,0.00000000000000000e+00
-5.45051780164684487e+02,-5.45051780164684487e+02,0.00000000000000000e+00
-5.45051780164684487e+02,-5.45051780164684487e+02,0.00000000000000000e+00
-5.45051780164684487e+02,-5.45051780164684487e+02,0.00000000000000000e+00
-5.45051780164684487e+02,-5.45051780164684487e+02,0.00000000000000000e+00
-5.44513316039443339e+02,-5.44513316039443339e+02,0.00000000000000000e+00
-5.45055952614357807e+02,-5.45055952614357807e+02,0.00000000000000000e+00
-5.45055952614357807e+02,-5.45055952614357807e+02,0.00000000000000000e+00
-5.45055952614357807e+02,-5.45055952614357807e+02,0.00000000000000000e+00
-5.45055952614357807e+02,-5.45055952614357807e+02,0.00000000000000000e+00
-5.45055952614357807e+02,-5.45055952614357807e+02,0.00000000000000000e+00
-5.45897202048132499e+02,-5.45897202048132499e+02,0.00000000000000000e+00
-5.45278347991823921e+02,-5.45278347991823921e+02,0.00000000000000000e+00
-5.45278347991823921e+02,-5.45278347991823921e+02,0.00000000000000000e+00
-5.45278347991823921e+02,-5.45278347991823921e+02,0.00000000000000000e+00
-5.45278347991823921e+02,-5.45278347991823921e+02,0.00000000000000000e+00
-5.46163029504011774e+02,-5.46163029504011774e+02,0.00000000000000000e+00
-5.46163029504011774e+02,-5.46163029504011774e+02,0.00000000000000000e+00
-5.45403618026998060e+02,-5.45403618026998060e+02,0.00000000000000000e+00
-5.45403618026998060e+02,-5.45403618026998060e+02,0.00000000000000000e+00
-5.45403618026998060e+02,-5.45403618026998060e+02,0.00000000000000000e+00
-5.45403618026998060e+02,-5.45403618026998060e+02,0.00000000000000000e+00
-5.45403618026998060e+02,-5.45403618026998060e+02,0.00000000000000000e+00
-5.47071985165124488e+02,-5.47071985165124488e+02,0.00000000000000000e+00
-5.47071985165124488e+02,-5.47071985165124488e+02,0.00000000000000000e+00
-5.47071985165124488e+02,-5.47071985165124488e+02,0.00000000000000000e+00
-5.47071985165124488e+02,-5.47071985165124488e+02,0.00000000000000000e+00
-5.47071985165124488e+02,-5.47071985165124488e+02,0.00000000000000000e+00
-5.46442934715030333e+02,-5.46442934715030333e+02,0.00000000000000000e+00
-5.46442934715030333e+02,-5.46442934715030333e+02,0.00000000000000000e+00
-5.45778442807309830e+02,-5.45778442807309830e+02,0.00000000000000000e+00
-5.45255680077924012e+02,-5.45255680077924012e+02,0.00000000000000000e+00
-5.45255680077924012e+02,-5.45255680077924012e+02,0.00000000000000000e+00
-5.45255680077924012e+02,-5.45255680077924012e+02,0.00000000000000000e+00
-5.45255680077924012e+02,-5.45255680077924012e+02,0.00000000000000000e+00
-5.45255680077924012e+02,-5.45255680077924012e+02,0.00000000000000000e+00
-5.45255680077924012e+02,-5.45255680077924012e+02,0.00000000000000000e+00
-5.45255680077924012e+02,-5.45255680077924012e+02,0.00000000000000000e+00
-5.44979049617914370e+02,-5.44979049617914370e+02,0.00000000000000000e+00
-5.44979049617914370e+02,-5.44979049617914370e+02,0.00000000000000000e+00
-5.44979049617914370e+02,-5.44979049617914370e+02,0.00000000000000000e+00
-5.44979049617914370e+02,-5.44979049617914370e+02,0.00000000000000000e+00
-5.44979049617914370e+02,-5.44979049617914370e+02,0.00000000000000000e+00
-5.44979049617914370e+02,-5.44979049617914370e+02,0.00000000000000000e+00
-5.44979049617914370e+02,-5.44979049617914370e+02,0.00000000000000000e+00
-5.44358031265275031e+02,-5.44358031265275031e+02,0.00000000000000000e+00
-5.44358031265275031e+02,-5.44358031265275031e+02,0.00000000000000000e+00
-5.44358031265275031e+02,-5.44358031265275031e+02,0.00000000000000000e+00
-5.44358031265275031e+02,-5.44358031265275031e+02,0.00000000000000000e+00
-5.44358031265275031e+02,-5.44358031265275031e+02,0.00000000000000000e+00
-5.44756365052781348e+02,-5.44756365052781348e+02,0.00000000000000000e+00
-5.44756365052781348e+02,-5.44756365052781348e+02,0.00000000000000000e+00
-5.45497729342491311e+02,-5.45497729342491311e+02,0.00000000000000000e+00
-5.45497729342491311e+02,-5.45497729342491311e+02,0.00000000000000000e+00
-5.45497729342491311e+02,-5.45497729342491311e+02,0.00000000000000000e+00
-5.45497729342491311e+02,-5.45497729342491311e+02,0.00000000000000000e+00
-5.45440205158699655e+02,-5.45440205158699655e+02,0.00000000000000000e+00
-5.45440205158699655e+02,-5.45440205158699655e+02,0.00000000000000000e+00
-5.45085016935126419e+02,-5.45085016935126419e+02,0.00000000000000000e+00
-5.45085016935126419e+02,-5.45085016935126419e+02,0.00000000000000000e+00
-5.45085016935126419e+02,-5.45085016935126419e+02,0.00000000000000000e+00
-5.45085016935126419e+02,-5.45085016935126419e+02,0.00000000000000000e+00
-5.45085016935126419e+02,-5.45085016935126419e+02,0.00000000000000000e+00
-5.45085016935126419e+02,-5.45085016935126419e+02,0.00000000000000000e+00
-5.45085016935126419e+02,-5.45085016935126419e+02,0.00000000000000000e+00
-5.45085016935126419e+02,-5.45085016935126419e+02,0.00000000000000000e+00
-5.45085016935126419e+02,-5.45085016935126419e+02,0.00000000000000000e+00
-5.45085016935126419e+02,-5.45085016935126419e+02,0.00000000000000000e+00
-5.45085016935126419e+02,-5.45085016935126419e+02,0.00000000000000000e+00
-5.45085016935126419e+02,-5.45085016935126419e+02,0.00000000000000000e+00
-5.45022740899741279e+02,-5.45022740899741279e+02,0.00000000000000000e+00
-5.45022740899741279e+02,-5.45022740899741279e+02,0.00000000000000000e+00
-5.45022740899741279e+02,-5.45022740899741279e+02,0.00000000000000000e+00
-5.44682701145603005e+02,-5.44682701145603005e+02,0.00000000000000000e+00
-5.44682701145603005e+02,-5.44682701145603005e+02,0.00000000000000000e+00
-5.44682701145603005e+02,-5.44682701145603005e+02,0.00000000000000000e+00
-5.44682701145603005e+02,-5.44682701145603005e+02,0.00000000000000000e+00
-5.44936621968010854e+02,-5.44936621968010854e+02,0.00000000000000000e+00
-5.44936621968010854e+02,-5.44936621968010854e+02,0.00000000000000000e+00
-5.44936621968010854e+02,-5.44936621968010854e+02,0.00000000000000000e+00
-5.44936621968010854e+02,-5.44936621968010854e+02,0.00000000000000000e+00
-5.44936621968010854e+02,-5.44936621968010854e+02,0.00000000000000000e+00
-5.44936621968010854e+02,-5.44936621968010854e+02,0.00000000000000000e+00
-5.44715752602413886e+02,-5.44715752602413886e+02,0.00000000000000000e+00
-5.44715752602413886e+02,-5.44715752602413886e+02,0.00000000000000000e+00
-5.46853413043258456e+02,-5.46853413043258456e+02,0.00000000000000000e+00
-5.47027482886883149e+02,-5.47027482886883149e+02,0.00000000000000000e+00
-5.47027482886883149e+02,-5.47027482886883149e+02,0.00000000000000000e+00
-5.47027482886883149e+02,-5.47027482886883149e+02,0.00000000000000000e+00
-5.46333692101937004e+02,-5.46333692101937004e+02,0.00000000000000000e+00
-5.46333692101937004e+02,-5.46333692101937004e+02,0.00000000000000000e+00
-5.46333692101937004e+02,-5.46333692101937004e+02,0.00000000000000000e+00
-5.46333692101937004e+02,-5.46333692101937004e+02,0.00000000000000000e+00
-5.46333692101937004e+02,-5.46333692101937004e+02,0.00000000000000000e+00
-5.46333692101937004e+02,-5.46333692101937004e+02,0.00000000000000000e+00
-5.46333692101937004e+02,-5.46333692101937004e+02,0.00000000000000000e+00
-5.46333692101937004e+02,-5.46333692101937004e+02,0.00000000000000000e+00
-5.46333692101937004e+02,-5.46333692101937004e+02,0.00000000000000000e+00
-5.46333692101937004e+02,-5.46333692101937004e+02,0.00000000000000000e+00
-5.46333692101937004e+02,-5.46333692101937004e+02,0.00000000000000000e+00
-5.46333692101937004e+02,-5.46333692101937004e+02,0.00000000000000000e+00
-5.47002987747163843e+02,-5.47002987747163843e+02,0.00000000000000000e+00
-5.45153284437167372e+02,-5.45153284437167372e+02,0.00000000000000000e+00
-5.45081762361957772e+02,-5.45081762361957772e+02,0.00000000000000000e+00
-5.47010399230890243e+02,-5.47010399230890243e+02,0.00000000000000000e+00
-5.47010399230890243e+02,-5.47010399230890243e+02,0.00000000000000000e+00
-5.46978573201793893e+02,-5.46978573201793893e+02,0.00000000000000000e+00
-5.45205352820395774e+02,-5.45205352820395774e+02,0.00000000000000000e+00
-5.45205352820395774e+02,-5.45205352820395774e+02,0.00000000000000000e+00
-5.45314947427518746e+02,-5.45314947427518746e+02,0.00000000000000000e+00
-5.44680966748496417e+02,-5.44680966748496417e+02,0.00000000000000000e+00
-5.44680966748496417e+02,-5.44680966748496417e+02,0.00000000000000000e+00
-5.44680966748496417e+02,-5.44680966748496417e+02,0.00000000000000000e+00
-5.44680966748496417e+02,-5.44680966748496417e+02,0.00000000000000000e+00
-5.44680966748496417e+02,-5.44680966748496417e+02,0.00000000000000000e+00
-5.44680966748496417e+02,-5.44680966748496417e+02,0.00000000000000000e+00
-5.44680966748496417e+02,-5.44680966748496417e+02,0.00000000000000000e+00
-5.44680966748496417e+02,-5.44680966748496417e+02,0.00000000000000000e+00
-5.44680966748496417e+02,-5.44680966748496417e+02,0.00000000000000000e+00
-5.44680966748496417e+02,-5.44680966748496417e+02,0.00000000000000000e+00
-5.44680966748496417e+02,-5.44680966748496417e+02,0.00000000000000000e+00
-5.44680966748496417e+02,-5.44680966748496417e+02,0.00000000000000000e+00
-5.44680966748496417e+02,-5.44680966748496417e+02,0.00000000000000000e+00
-5.44680966748496417e+02,-5.44680966748496417e+02,0.00000000000000000e+00
-5.44736518719600326e+02,-5.44736518719600326e+02,0.00000000000000000e+00
-5.45363589046996822e+02,-5.45363589046996822e+02,0.00000000000000000e+00
-5.45363589046996822e+02,-5.45363589046996822e+02,0.00000000000000000e+00
-5.45363589046996822e+02,-5.45363589046996822e+02,0.00000000000000000e+00
-5.45363589046996822e+02,-5.45363589046996822e+02,0.00000000000000000e+00
-5.45363589046996822e+02,-5.45363589046996822e+02,0.00000000000000000e+00
-5.45613525378976419e+02,-5.45613525378976419e+02,0.00000000000000000e+00
-5.45613525378976419e+02,-5.45613525378976419e+02,0.00000000000000000e+00
-5.45613525378976419e+02,-5.45613525378976419e+02,0.00000000000000000e+00
-5.44565350303459013e+02,-5.44565350303459013e+02,0.00000000000000000e+00
-5.44565350303459013e+02,-5.44565350303459013e+02,0.00000000000000000e+00
-5.44565350303459013e+02,-5.44565350303459013e+02,0.00000000000000000e+00
-5.44565350303459013e+02,-5.44565350303459013e+02,0.00000000000000000e+00
-5.44565350303459013e+02,-5.44565350303459013e+02,0.00000000000000000e+00
-5.45585356760695731e+02,-5.45585356760695731e+02,0.00000000000000000e+00
-5.45585356760695731e+02,-5.45585356760695731e+02,0.00000000000000000e+00
-5.45585356760695731e+02,-5.45585356760695731e+02,0.00000000000000000e+00
-5.45585356760695731e+02,-5.45585356760695731e+02,0.00000000000000000e+00
-5.44859941551618704e+02,-5.44859941551618704e+02,0.00000000000000000e+00
-5.44859941551618704e+02,-5.44859941551618704e+02,0.00000000000000000e+00
-5.44859941551618704e+02,-5.44859941551618704e+02,0.00000000000000000e+00
-5.44859941551618704e+02,-5.44859941551618704e+02,0.00000000000000000e+00
-5.44859941551618704e+02,-5.44859941551618704e+02,0.00000000000000000e+00
-5.44859941551618704e+02,-5.44859941551618704e+02,0.00000000000000000e+00
-5.46527400605811181e+02,-5.46527400605811181e+02,0.00000000000000000e+00
-5.46527400605811181e+02,-5.46527400605811181e+02,0.00000000000000000e+00
-5.46527400605811181e+02,-5.46527400605811181e+02,0.00000000000000000e+00
-5.46527400605811181e+02,-5.46527400605811181e+02,0.00000000000000000e+00
-5.46691234099252597e+02,-5.46691234099252597e+02,0.00000000000000000e+00
-5.45708087929863837e+02,-5.45708087929863837e+02,0.00000000000000000e+00
-5.45708087929863837e+02,-5.45708087929863837e+02,0.00000000000000000e+00
-5.47090559447378155e+02,-5.47090559447378155e+02,0.00000000000000000e+00
-5.47090559447378155e+02,-5.47090559447378155e+02,0.00000000000000000e+00
-5.47090559447378155e+02,-5.47090559447378155e+02,0.00000000000000000e+00
-5.47090559447378155e+02,-5.47090559447378155e+02,0.00000000000000000e+00
-5.47039910418182330e+02,-5.47039910418182330e+02,0.00000000000000000e+00
-5.47039910418182330e+02,-5.47039910418182330e+02,0.00000000000000000e+00
-5.47039910418182330e+02,-5.47039910418182330e+02,0.00000000000000000e+00
-5.47039910418182330e+02,-5.47039910418182330e+02,0.00000000000000000e+00
-5.47039910418182330e+02,-5.47039910418182330e+02,0.00000000000000000e+00
-5.47039910418182330e+02,-5.47039910418182330e+02,0.00000000000000000e+00
-5.47039910418182330e+02,-5.47039910418182330e+02,0.00000000000000000e+00
-5.45990771523758667e+02,-5.45990771523758667e+02,0.00000000000000000e+00
-5.45990771523758667e+02,-5.45990771523758667e+02,0.00000000000000000e+00
-5.46578669851926406e+02,-5.46578669851926406e+02,0.00000000000000000e+00
-5.46578669851926406e+02,-5.46578669851926406e+02,0.00000000000000000e+00
-5.44782123346120216e+02,-5.44782123346120216e+02,0.00000000000000000e+00
-5.44782123346120216e+02,-5.44782123346120216e+02,0.00000000000000000e+00
-5.44782123346120216e+02,-5.44782123346120216e+02,0.00000000000000000e+00
-5.44782123346120216e+02,-5.44782123346120216e+02,0.00000000000000000e+00
-5.44782123346120216e+02,-5.44782123346120216e+02,0.00000000000000000e+00
-5.44782123346120216e+02,-5.44782123346120216e+02,0.00000000000000000e+00
-5.44782123346120216e+02,-5.44782123346120216e+02,0.00000000000000000e+00
-5.44782123346120216e+02,-5.44782123346120216e+02,0.00000000000000000e+00
-5.44782123346120216e+02,-5.44782123346120216e+02,0.00000000000000000e+00
-5.44782123346120216e+02,-5.44782123346120216e+02,0.00000000000000000e+00
-5.44782123346120216e+02,-5.44782123346120216e+02,0.00000000000000000e+00
-5.44782123346120216e+02,-5.44782123346120216e+02,0.00000000000000000e+00
-5.44782123346120216e+02,-5.44782123346120216e+02,0.00000000000000000e+00
-5.44782123346120216e+02,-5.44782123346120216e+02,0.00000000000000000e+00
-5.44782123346120216e+02,-5.44782123346120216e+02,0.00000000000000000e+00
-5.44782123346120216e+02,-5.44782123346120216e+02,0.00000000000000000e+00
-5.44782123346120216e+02,-5.44782123346120216e+02,0.00000000000000000e+00
-5.44782123346120216e+02,-5.44782123346120216e+02,0.00000000000000000e+00
-5.44782123346120216e+02,-5.44782123346120216e+02,0.00000000000000000e+00
-5.44558692950760019e+02,-5.44558692950760019e+02,0.00000000000000000e+00
-5.44558692950760019e+02,-5.44558692950760019e+02,0.00000000000000000e+00
-5.44558692950760019e+02,-5.44558692950760019e+02,0.00000000000000000e+00
-5.44414644927880659e+02,-5.44414644927880659e+02,0.00000000000000000e+00
-5.44414644927880659e+02,-5.44414644927880659e+02,0.00000000000000000e+00
-5.44414644927880659e+02,-5.44414644927880659e+02,0.00000000000000000e+00
-5.44414644927880659e+02,-5.44414644927880659e+02,0.00000000000000000e+00
-5.44414644927880659e+02,-5.44414644927880659e+02,0.00000000000000000e+00
-5.44414644927880659e+02,-5.44414644927880659e+02,0.00000000000000000e+00
-5.44414644927880659e+02,-5.44414644927880659e+02,0.00000000000000000e+00
-5.44826184644257410e+02,-5.44826184644257410e+02,0.00000000000000000e+00
-5.44511233574657467e+02,-5.44511233574657467e+02,0.00000000000000000e+00
-5.45127774792129344e+02,-5.45127774792129344e+02,0.00000000000000000e+00
-5.45127774792129344e+02,-5.45127774792129344e+02,0.00000000000000000e+00
-5.45127774792129344e+02,-5.45127774792129344e+02,0.00000000000000000e+00
-5.44713390581210206e+02,-5.44713390581210206e+02,0.00000000000000000e+00
-5.45559580688690744e+02,-5.45559580688690744e+02,0.00000000000000000e+00
-5.45559580688690744e+02,-5.45559580688690744e+02,0.00000000000000000e+00
-5.45559580688690744e+02,-5.45559580688690744e+02,0.00000000000000000e+00
-5.44722027390741346e+02,-5.44722027390741346e+02,0.00000000000000000e+00
-5.44722027390741346e+02,-5.44722027390741346e+02,0.00000000000000000e+00
-5.44722027390741346e+02,-5.44722027390741346e+02,0.00000000000000000e+00
-5.44722027390741346e+02,-5.44722027390741346e+02,0.00000000000000000e+00
-5.44722027390741346e+02,-5.44722027390741346e+02,0.00000000000000000e+00
-5.44722027390741346e+02,-5.44722027390741346e+02,0.00000000000000000e+00
-5.44722027390741346e+02,-5.44722027390741346e+02,0.00000000000000000e+00
-5.44722027390741346e+02,-5.44722027390741346e+02,0.00000000000000000e+00
-5.44463137171314315e+02,-5.44463137171314315e+02,0.00000000000000000e+00
-5.44463137171314315e+02,-5.44463137171314315e+02,0.00000000000000000e+00
-5.44463137171314315e+02,-5.44463137171314315e+02,0.00000000000000000e+00
-5.44463137171314315e+02,-5.44463137171314315e+02,0.00000000000000000e+00
-5.44463137171314315e+02,-5.44463137171314315e+02,0.00000000000000000e+00
-5.44463137171314315e+02,-5.44463137171314315e+02,0.00000000000000000e+00
-5.44463137171314315e+02,-5.44463137171314315e+02,0.00000000000000000e+00
-5.45198805277300266e+02,-5.45198805277300266e+02,0.00000000000000000e+00
-5.45198805277300266e+02,-5.45198805277300266e+02,0.00000000000000000e+00
-5.45198805277300266e+02,-5.45198805277300266e+02,0.00000000000000000e+00
-5.45198805277300266e+02,-5.45198805277300266e+02,0.00000000000000000e+00
-5.45057936768278296e+02,-5.45057936768278296e+02,0.00000000000000000e+00
-5.45057936768278296e+02,-5.45057936768278296e+02,0.00000000000000000e+00
-5.45057936768278296e+02,-5.45057936768278296e+02,0.00000000000000000e+00
-5.45057936768278296e+02,-5.45057936768278296e+02,0.00000000000000000e+00
-5.45106951238427541e+02,-5.45106951238427541e+02,0.00000000000000000e+00
-5.45186964874459363e+02,-5.45186964874459363e+02,0.00000000000000000e+00
-5.45186964874459363e+02,-5.45186964874459363e+02,0.00000000000000000e+00
-5.44200665379978773e+02,-5.44200665379978773e+02,0.00000000000000000e+00
-5.44200665379978773e+02,-5.44200665379978773e+02,0.00000000000000000e+00
-5.44200665379978773e+02,-5.44200665379978773e+02,0.00000000000000000e+00
-5.44200665379978773e+02,-5.44200665379978773e+02,0.00000000000000000e+00
-5.44200665379978773e+02,-5.44200665379978773e+02,0.00000000000000000e+00
-5.44299361586441137e+02,-5.44299361586441137e+02,0.00000000000000000e+00
-5.44299361586441137e+02,-5.44299361586441137e+02,0.00000000000000000e+00
-5.44299361586441137e+02,-5.44299361586441137e+02,0.00000000000000000e+00
-5.44299361586441137e+02,-5.44299361586441137e+02,0.00000000000000000e+00
-5.44299361586441137e+02,-5.44299361586441137e+02,0.00000000000000000e+00
-5.44299361586441137e+02,-5.44299361586441137e+02,0.00000000000000000e+00
-5.44439835396898616e+02,-5.44439835396898616e+02,0.00000000000000000e+00
-5.45963896888832323e+02,-5.45963896888832323e+02,0.00000000000000000e+00
-5.44983110705447757e+02,-5.44983110705447757e+02,0.00000000000000000e+00
-5.44838242244002799e+02,-5.44838242244002799e+02,0.00000000000000000e+00
-5.45577297501801809e+02,-5.45577297501801809e+02,0.00000000000000000e+00
-5.45577297501801809e+02,-5.45577297501801809e+02,0.00000000000000000e+00
-5.45577297501801809e+02,-5.45577297501801809e+02,0.00000000000000000e+00
-5.46284536784048782e+02,-5.46284536784048782e+02,0.00000000000000000e+00
-5.45244328039393167e+02,-5.45244328039393167e+02,0.00000000000000000e+00
-5.45244328039393167e+02,-5.45244328039393167e+02,0.00000000000000000e+00
-5.45244328039393167e+02,-5.45244328039393167e+02,0.00000000000000000e+00
-5.45244328039393167e+02,-5.45244328039393167e+02,0.00000000000000000e+00
-5.45633174434319244e+02,-5.45633174434319244e+02,0.00000000000000000e+00
-5.45633174434319244e+02,-5.45633174434319244e+02,0.00000000000000000e+00
-5.44984122635931499e+02,-5.44984122635931499e+02,0.00000000000000000e+00
-5.44984122635931499e+02,-5.44984122635931499e+02,0.00000000000000000e+00
-5.44984122635931499e+02,-5.44984122635931499e+02,0.00000000000000000e+00
-5.44984122635931499e+02,-5.44984122635931499e+02,0.00000000000000000e+00
-5.46177745597325270e+02,-5.46177745597325270e+02,0.00000000000000000e+00
-5.46177745597325270e+02,-5.46177745597325270e+02,0.00000000000000000e+00
-5.46177745597325270e+02,-5.46177745597325270e+02,0.00000000000000000e+00
-5.45650816229071665e+02,-5.45650816229071665e+02,0.00000000000000000e+00
-5.45650816229071665e+02,-5.45650816229071665e+02,0.00000000000000000e+00
-5.44220879651702262e+02,-5.44220879651702262e+02,0.00000000000000000e+00
-5.44220879651702262e+02,-5.44220879651702262e+02,0.00000000000000000e+00
-5.44220879651702262e+02,-5.44220879651702262e+02,0.00000000000000000e+00
-5.44220879651702262e+02,-5.44220879651702262e+02,0.00000000000000000e+00
-5.44220879651702262e+02,-5.44220879651702262e+02,0.00000000000000000e+00
-5.44288350981665076e+02,-5.44288350981665076e+02,0.00000000000000000e+00
-5.44288350981665076e+02,-5.44288350981665076e+02,0.00000000000000000e+00
-5.44288350981665076e+02,-5.44288350981665076e+02,0.00000000000000000e+00
-5.44288350981665076e+02,-5.44288350981665076e+02,0.00000000000000000e+00
-5.44288350981665076e+02,-5.44288350981665076e+02,0.00000000000000000e+00
-5.44288350981665076e+02,-5.44288350981665076e+02,0.00000000000000000e+00
-5.44288350981665076e+02,-5.44288350981665076e+02,0.00000000000000000e+00
-5.44288350981665076e+02,-5.44288350981665076e+02,0.00000000000000000e+00
-5.44288350981665076e+02,-5.44288350981665076e+02,0.00000000000000000e+00
-5.44288350981665076e+02,-5.44288350981665076e+02,0.00000000000000000e+00
-5.44288350981665076e+02,-5.44288350981665076e+02,0.00000000000000000e+00
-5.45248711865973746e+02,-5.45248711865973746e+02,0.00000000000000000e+00
-5.45248711865973746e+02,-5.45248711865973746e+02,0.00000000000000000e+00
-5.45784803549447247e+02,-5.45784803549447247e+02,0.00000000000000000e+00
-5.45784803549447247e+02,-5.45784803549447247e+02,0.00000000000000000e+00
-5.45784803549447247e+02,-5.45784803549447247e+02,0.00000000000000000e+00
-5.45784803549447247e+02,-5.45784803549447247e+02,0.00000000000000000e+00
-5.45784803549447247e+02,-5.45784803549447247e+02,0.00000000000000000e+00
-5.45784803549447247e+02,-5.45784803549447247e+02,0.00000000000000000e+00
-5.45784803549447247e+02,-5.45784803549447247e+02,0.00000000000000000e+00
-5.47458031492450459e+02,-5.47458031492450459e+02,0.00000000000000000e+00
-5.47458031492450459e+02,-5.47458031492450459e+02,0.00000000000000000e+00
-5.47458031492450459e+02,-5.47458031492450459e+02,0.00000000000000000e+00
-5.48860515952767514e+02,-5.48860515952767514e+02,0.00000000000000000e+00
-5.45508667217791640e+02,-5.45508667217791640e+02,0.00000000000000000e+00
-5.45508667217791640e+02,-5.45508667217791640e+02,0.00000000000000000e+00
-5.45284809619172847e+02,-5.45284809619172847e+02,0.00000000000000000e+00
-5.45284809619172847e+02,-5.45284809619172847e+02,0.00000000000000000e+00
-5.45348400556550700e+02,-5.45348400556550700e+02,0.00000000000000000e+00
-5.45348400556550700e+02,-5.45348400556550700e+02,0.00000000000000000e+00
-5.45802391708515302e+02,-5.45802391708515302e+02,0.00000000000000000e+00
-5.45802391708515302e+02,-5.45802391708515302e+02,0.00000000000000000e+00
-5.45802391708515302e+02,-5.45802391708515302e+02,0.00000000000000000e+00
-5.45802391708515302e+02,-5.45802391708515302e+02,0.00000000000000000e+00
-5.45802391708515302e+02,-5.45802391708515302e+02,0.00000000000000000e+00
-5.45802391708515302e+02,-5.45802391708515302e+02,0.00000000000000000e+00
-5.45802391708515302e+02,-5.45802391708515302e+02,0.00000000000000000e+00
-5.45802391708515302e+02,-5.45802391708515302e+02,0.00000000000000000e+00
-5.45802391708515302e+02,-5.45802391708515302e+02,0.00000000000000000e+00
-5.45802391708515302e+02,-5.45802391708515302e+02,0.00000000000000000e+00
-5.45802391708515302e+02,-5.45802391708515302e+02,0.00000000000000000e+00
-5.45683726995031748e+02,-5.45683726995031748e+02,0.00000000000000000e+00
-5.45683726995031748e+02,-5.45683726995031748e+02,0.00000000000000000e+00
-5.45683726995031748e+02,-5.45683726995031748e+02,0.00000000000000000e+00
-5.45683726995031748e+02,-5.45683726995031748e+02,0.00000000000000000e+00
-5.45683726995031748e+02,-5.45683726995031748e+02,0.00000000000000000e+00
-5.45584997926742517e+02,-5.45584997926742517e+02,0.00000000000000000e+00
-5.45584997926742517e+02,-5.45584997926742517e+02,0.00000000000000000e+00
-5.46265466449180849e+02,-5.46265466449180849e+02,0.00000000000000000e+00
-5.46265466449180849e+02,-5.46265466449180849e+02,0.00000000000000000e+00
-5.46265466449180849e+02,-5.46265466449180849e+02,0.00000000000000000e+00
-5.46265466449180849e+02,-5.46265466449180849e+02,0.00000000000000000e+00
-5.46265466449180849e+02,-5.46265466449180849e+02,0.00000000000000000e+00
-5.46265466449180849e+02,-5.46265466449180849e+02,0.00000000000000000e+00
-5.46265466449180849e+02,-5.46265466449180849e+02,0.00000000000000000e+00
-5.46265466449180849e+02,-5.46265466449180849e+02,0.00000000000000000e+00
-5.46265466449180849e+02,-5.46265466449180849e+02,0.00000000000000000e+00
-5.45090840910293309e+02,-5.45090840910293309e+02,0.00000000000000000e+00
-5.45090840910293309e+02,-5.45090840910293309e+02,0.00000000000000000e+00
-5.45090840910293309e+02,-5.45090840910293309e+02,0.00000000000000000e+00
-5.45090840910293309e+02,-5.45090840910293309e+02,0.00000000000000000e+00
-5.45028599291179830e+02,-5.45028599291179830e+02,0.00000000000000000e+00
-5.45028599291179830e+02,-5.45028599291179830e+02,0.00000000000000000e+00
-5.45028599291179830e+02,-5.45028599291179830e+02,0.00000000000000000e+00
-5.44366252155213488e+02,-5.44366252155213488e+02,0.00000000000000000e+00
-5.44366252155213488e+02,-5.44366252155213488e+02,0.00000000000000000e+00
-5.44366252155213488e+02,-5.44366252155213488e+02,0.00000000000000000e+00
-5.44366252155213488e+02,-5.44366252155213488e+02,0.00000000000000000e+00
-5.44366252155213488e+02,-5.44366252155213488e+02,0.00000000000000000e+00
-5.44366252155213488e+02,-5.44366252155213488e+02,0.00000000000000000e+00
-5.44366252155213488e+02,-5.44366252155213488e+02,0.00000000000000000e+00
-5.44366252155213488e+02,-5.44366252155213488e+02,0.00000000000000000e+00
-5.44366252155213488e+02,-5.44366252155213488e+02,0.00000000000000000e+00
-5.44366252155213488e+02,-5.44366252155213488e+02,0.00000000000000000e+00
-5.44366252155213488e+02,-5.44366252155213488e+02,0.00000000000000000e+00
-5.44366252155213488e+02,-5.44366252155213488e+02,0.00000000000000000e+00
-5.44366252155213488e+02,-5.44366252155213488e+02,0.00000000000000000e+00
-5.44366252155213488e+02,-5.44366252155213488e+02,0.00000000000000000e+00
-5.44366252155213488e+02,-5.44366252155213488e+02,0.00000000000000000e+00
-5.44366252155213488e+02,-5.44366252155213488e+02,0.00000000000000000e+00
-5.44288256817600768e+02,-5.44288256817600768e+02,0.00000000000000000e+00
-5.46604149326372408e+02,-5.46604149326372408e+02,0.00000000000000000e+00
-5.46604149326372408e+02,-5.46604149326372408e+02,0.00000000000000000e+00
-5.46604149326372408e+02,-5.46604149326372408e+02,0.00000000000000000e+00
-5.46604149326372408e+02,-5.46604149326372408e+02,0.00000000000000000e+00
-5.46224361706553054e+02,-5.46224361706553054e+02,0.00000000000000000e+00
-5.46224361706553054e+02,-5.46224361706553054e+02,0.00000000000000000e+00
-5.46224361706553054e+02,-5.46224361706553054e+02,0.00000000000000000e+00
-5.46224361706553054e+02,-5.46224361706553054e+02,0.00000000000000000e+00
-5.46224361706553054e+02,-5.46224361706553054e+02,0.00000000000000000e+00
-5.47282833630379969e+02,-5.47282833630379969e+02,0.00000000000000000e+00
-5.47282833630379969e+02,-5.47282833630379969e+02,0.00000000000000000e+00
-5.46974927908968084e+02,-5.46974927908968084e+02,0.00000000000000000e+00
-5.46974927908968084e+02,-5.46974927908968084e+02,0.00000000000000000e+00
-5.46974927908968084e+02,-5.46974927908968084e+02,0.00000000000000000e+00
-5.46974927908968084e+02,-5.46974927908968084e+02,0.00000000000000000e+00
-5.47631507341398788e+02,-5.47631507341398788e+02,0.00000000000000000e+00
-5.48747556484288907e+02,-5.48747556484288907e+02,0.00000000000000000e+00
-5.49334402261045966e+02,-5.49334402261045966e+02,0.00000000000000000e+00
-5.49334402261045966e+02,-5.49334402261045966e+02,0.00000000000000000e+00
-5.49334402261045966e+02,-5.49334402261045966e+02,0.00000000000000000e+00
-5.49334402261045966e+02,-5.49334402261045966e+02,0.00000000000000000e+00
-5.49334402261045966e+02,-5.49334402261045966e+02,0.00000000000000000e+00
-5.47666635180212893e+02,-5.47666635180212893e+02,0.00000000000000000e+00
-5.47666635180212893e+02,-5.47666635180212893e+02,0.00000000000000000e+00
-5.47666635180212893e+02,-5.47666635180212893e+02,0.00000000000000000e+00
-5.50007081013207994e+02,-5.50007081013207994e+02,0.00000000000000000e+00
-5.50007081013207994e+02,-5.50007081013207994e+02,0.00000000000000000e+00
-5.50007081013207994e+02,-5.50007081013207994e+02,0.00000000000000000e+00
-5.50007081013207994e+02,-5.50007081013207994e+02,0.00000000000000000e+00
-5.50007081013207994e+02,-5.50007081013207994e+02,0.00000000000000000e+00
-5.50007081013207994e+02,-5.50007081013207994e+02,0.00000000000000000e+00
-5.49181991938490683e+02,-5.49181991938490683e+02,0.00000000000000000e+00
-5.49181991938490683e+02,-5.49181991938490683e+02,0.00000000000000000e+00
-5.49181991938490683e+02,-5.49181991938490683e+02,0.00000000000000000e+00
-5.49181991938490683e+02,-5.49181991938490683e+02,0.00000000000000000e+00
-5.46146011267952304e+02,-5.46146011267952304e+02,0.00000000000000000e+00
-5.46146011267952304e+02,-5.46146011267952304e+02,0.00000000000000000e+00
-5.46146011267952304e+02,-5.46146011267952304e+02,0.00000000000000000e+00
-5.46146011267952304e+02,-5.46146011267952304e+02,0.00000000000000000e+00
-5.46146011267952304e+02,-5.46146011267952304e+02,0.00000000000000000e+00
-5.46146011267952304e+02,-5.46146011267952304e+02,0.00000000000000000e+00
-5.46146011267952304e+02,-5.46146011267952304e+02,0.00000000000000000e+00
-5.45021454438960063e+02,-5.45021454438960063e+02,0.00000000000000000e+00
-5.45021454438960063e+02,-5.45021454438960063e+02,0.00000000000000000e+00
-5.45021454438960063e+02,-5.45021454438960063e+02,0.00000000000000000e+00
-5.45021454438960063e+02,-5.45021454438960063e+02,0.00000000000000000e+00
-5.45021454438960063e+02,-5.45021454438960063e+02,0.00000000000000000e+00
-5.45021454438960063e+02,-5.45021454438960063e+02,0.00000000000000000e+00
-5.45021454438960063e+02,-5.45021454438960063e+02,0.00000000000000000e+00
-5.45021454438960063e+02,-5.45021454438960063e+02,0.00000000000000000e+00
-5.45021454438960063e+02,-5.45021454438960063e+02,0.00000000000000000e+00
-5.45021454438960063e+02,-5.45021454438960063e+02,0.00000000000000000e+00
-5.45021454438960063e+02,-5.45021454438960063e+02,0.00000000000000000e+00
-5.45021454438960063e+02,-5.45021454438960063e+02,0.00000000000000000e+00
-5.45021454438960063e+02,-5.45021454438960063e+02,0.00000000000000000e+00
-5.45771498029814666e+02,-5.45771498029814666e+02,0.00000000000000000e+00
-5.45771498029814666e+02,-5.45771498029814666e+02,0.00000000000000000e+00
-5.45771498029814666e+02,-5.45771498029814666e+02,0.00000000000000000e+00
-5.45771498029814666e+02,-5.45771498029814666e+02,0.00000000000000000e+00
-5.45771498029814666e+02,-5.45771498029814666e+02,0.00000000000000000e+00
-5.45771498029814666e+02,-5.45771498029814666e+02,0.00000000000000000e+00
-5.45771498029814666e+02,-5.45771498029814666e+02,0.00000000000000000e+00
-5.45366522061947535e+02,-5.45366522061947535e+02,0.00000000000000000e+00
-5.45366522061947535e+02,-5.45366522061947535e+02,0.00000000000000000e+00
-5.45366522061947535e+02,-5.45366522061947535e+02,0.00000000000000000e+00
-5.45366522061947535e+02,-5.45366522061947535e+02,0.00000000000000000e+00
-5.45366522061947535e+02,-5.45366522061947535e+02,0.00000000000000000e+00
-5.45366522061947535e+02,-5.45366522061947535e+02,0.00000000000000000e+00
-5.47020015403018988e+02,-5.47020015403018988e+02,0.00000000000000000e+00
-5.47020015403018988e+02,-5.47020015403018988e+02,0.00000000000000000e+00
-5.47020015403018988e+02,-5.47020015403018988e+02,0.00000000000000000e+00
-5.47020015403018988e+02,-5.47020015403018988e+02,0.00000000000000000e+00
-5.47020015403018988e+02,-5.47020015403018988e+02,0.00000000000000000e+00
-5.47020015403018988e+02,-5.47020015403018988e+02,0.00000000000000000e+00
-5.47020015403018988e+02,-5.47020015403018988e+02,0.00000000000000000e+00
-5.46613018087371984e+02,-5.46613018087371984e+02,0.00000000000000000e+00
-5.46056862693096832e+02,-5.46056862693096832e+02,0.00000000000000000e+00
-5.46056862693096832e+02,-5.46056862693096832e+02,0.00000000000000000e+00
-5.44952921084146737e+02,-5.44952921084146737e+02,0.00000000000000000e+00
-5.44952921084146737e+02,-5.44952921084146737e+02,0.00000000000000000e+00
-5.44952921084146737e+02,-5.44952921084146737e+02,0.00000000000000000e+00
-5.44952921084146737e+02,-5.44952921084146737e+02,0.00000000000000000e+00
-5.44952921084146737e+02,-5.44952921084146737e+02,0.00000000000000000e+00
-5.44952921084146737e+02,-5.44952921084146737e+02,0.00000000000000000e+00
-5.44952921084146737e+02,-5.44952921084146737e+02,0.00000000000000000e+00
-5.44952921084146737e+02,-5.44952921084146737e+02,0.00000000000000000e+00
-5.44952921084146737e+02,-5.44952921084146737e+02,0.00000000000000000e+00
-5.44952921084146737e+02,-5.44952921084146737e+02,0.00000000000000000e+00
-5.44952921084146737e+02,-5.44952921084146737e+02,0.00000000000000000e+00
-5.46846472734453641e+02,-5.46846472734453641e+02,0.00000000000000000e+00
-5.45331684115497524e+02,-5.45331684115497524e+02,0.00000000000000000e+00
-5.45731992975836306e+02,-5.45731992975836306e+02,0.00000000000000000e+00
-5.45731992975836306e+02,-5.45731992975836306e+02,0.00000000000000000e+00
-5.45731992975836306e+02,-5.45731992975836306e+02,0.00000000000000000e+00
-5.45731992975836306e+02,-5.45731992975836306e+02,0.00000000000000000e+00
-5.45731992975836306e+02,-5.45731992975836306e+02,0.00000000000000000e+00
-5.45731992975836306e+02,-5.45731992975836306e+02,0.00000000000000000e+00
-5.46433895938626733e+02,-5.46433895938626733e+02,0.00000000000000000e+00
-5.46433895938626733e+02,-5.46433895938626733e+02,0.00000000000000000e+00
-5.46433895938626733e+02,-5.46433895938626733e+02,0.00000000000000000e+00
-5.46433895938626733e+02,-5.46433895938626733e+02,0.00000000000000000e+00
-5.46433895938626733e+02,-5.46433895938626733e+02,0.00000000000000000e+00
-5.46433895938626733e+02,-5.46433895938626733e+02,0.00000000000000000e+00
-5.46815817861992628e+02,-5.46815817861992628e+02,0.00000000000000000e+00
-5.46815817861992628e+02,-5.46815817861992628e+02,0.00000000000000000e+00
-5.44147394992049840e+02,-5.44147394992049840e+02,0.00000000000000000e+00
-5.44147394992049840e+02,-5.44147394992049840e+02,0.00000000000000000e+00
-5.44147394992049840e+02,-5.44147394992049840e+02,0.00000000000000000e+00
-5.44147394992049840e+02,-5.44147394992049840e+02,0.00000000000000000e+00
-5.44147394992049840e+02,-5.44147394992049840e+02,0.00000000000000000e+00
-5.44147394992049840e+02,-5.44147394992049840e+02,0.00000000000000000e+00
-5.44147394992049840e+02,-5.44147394992049840e+02,0.00000000000000000e+00
-5.44147394992049840e+02,-5.44147394992049840e+02,0.00000000000000000e+00
-5.44147394992049840e+02,-5.44147394992049840e+02,0.00000000000000000e+00
-5.44147394992049840e+02,-5.44147394992049840e+02,0.00000000000000000e+00
-5.44147394992049840e+02,-5.44147394992049840e+02,0.00000000000000000e+00
-5.44147394992049840e+02,-5.44147394992049840e+02,0.00000000000000000e+00
-5.44147394992049840e+02,-5.44147394992049840e+02,0.00000000000000000e+00
-5.44147394992049840e+02,-5.44147394992049840e+02,0.00000000000000000e+00
-5.44147394992049840e+02,-5.44147394992049840e+02,0.00000000000000000e+00
-5.44147394992049840e+02,-5.44147394992049840e+02,0.00000000000000000e+00
-5.44147394992049840e+02,-5.44147394992049840e+02,0.00000000000000000e+00
-5.44147394992049840e+02,-5.44147394992049840e+02,0.00000000000000000e+00
-5.44147394992049840e+02,-5.44147394992049840e+02,0.00000000000000000e+00
-5.45939299925682235e+02,-5.45939299925682235e+02,0.00000000000000000e+00
-5.46240851617747694e+02,-5.46240851617747694e+02,0.00000000000000000e+00
-5.46240851617747694e+02,-5.46240851617747694e+02,0.00000000000000000e+00
-5.47424169776720760e+02,-5.47424169776720760e+02,0.00000000000000000e+00
-5.47424169776720760e+02,-5.47424169776720760e+02,0.00000000000000000e+00
-5.47424169776720760e+02,-5.47424169776720760e+02,0.00000000000000000e+00
-5.48005880188765218e+02,-5.48005880188765218e+02,0.00000000000000000e+00
-5.45028227276424673e+02,-5.45028227276424673e+02,0.00000000000000000e+00
-5.45133304046159310e+02,-5.45133304046159310e+02,0.00000000000000000e+00
-5.45133304046159310e+02,-5.45133304046159310e+02,0.00000000000000000e+00
-5.45133304046159310e+02,-5.45133304046159310e+02,0.00000000000000000e+00
-5.45133304046159310e+02,-5.45133304046159310e+02,0.00000000000000000e+00
-5.45133304046159310e+02,-5.45133304046159310e+02,0.00000000000000000e+00
-5.45133304046159310e+02,-5.45133304046159310e+02,0.00000000000000000e+00
-5.45133304046159310e+02,-5.45133304046159310e+02,0.00000000000000000e+00
-5.45133304046159310e+02,-5.45133304046159310e+02,0.00000000000000000e+00
-5.45133304046159310e+02,-5.45133304046159310e+02,0.00000000000000000e+00
-5.45133304046159310e+02,-5.45133304046159310e+02,0.00000000000000000e+00
-5.45133304046159310e+02,-5.45133304046159310e+02,0.00000000000000000e+00
-5.45133304046159310e+02,-5.45133304046159310e+02,0.00000000000000000e+00
-5.45133304046159310e+02,-5.45133304046159310e+02,0.00000000000000000e+00
-5.45133304046159310e+02,-5.45133304046159310e+02,0.00000000000000000e+00
-5.45133304046159310e+02,-5.45133304046159310e+02,0.00000000000000000e+00
-5.45133304046159310e+02,-5.45133304046159310e+02,0.00000000000000000e+00
-5.45133304046159310e+02,-5.45133304046159310e+02,0.00000000000000000e+00
-5.45133304046159310e+02,-5.45133304046159310e+02,0.00000000000000000e+00
-5.45133304046159310e+02,-5.45133304046159310e+02,0.00000000000000000e+00
-5.45133304046159310e+02,-5.45133304046159310e+02,0.00000000000000000e+00
-5.45113053270943283e+02,-5.45113053270943283e+02,0.00000000000000000e+00
-5.45113053270943283e+02,-5.45113053270943283e+02,0.00000000000000000e+00
-5.45113053270943283e+02,-5.45113053270943283e+02,0.00000000000000000e+00
-5.45113053270943283e+02,-5.45113053270943283e+02,0.00000000000000000e+00
-5.45113053270943283e+02,-5.45113053270943283e+02,0.00000000000000000e+00
-5.45113053270943283e+02,-5.45113053270943283e+02,0.00000000000000000e+00
-5.45113053270943283e+02,-5.45113053270943283e+02,0.00000000000000000e+00
-5.45113053270943283e+02,-5.45113053270943283e+02,0.00000000000000000e+00
-5.45113053270943283e+02,-5.45113053270943283e+02,0.00000000000000000e+00
-5.46361511202813858e+02,-5.46361511202813858e+02,0.00000000000000000e+00
-5.46361511202813858e+02,-5.46361511202813858e+02,0.00000000000000000e+00
-5.46361511202813858e+02,-5.46361511202813858e+02,0.00000000000000000e+00
-5.46361511202813858e+02,-5.46361511202813858e+02,0.00000000000000000e+00
-5.45719526201967142e+02,-5.45719526201967142e+02,0.00000000000000000e+00
-5.45719526201967142e+02,-5.45719526201967142e+02,0.00000000000000000e+00
-5.45862376463829264e+02,-5.45862376463829264e+02,0.00000000000000000e+00
-5.45862376463829264e+02,-5.45862376463829264e+02,0.00000000000000000e+00
-5.45862376463829264e+02,-5.45862376463829264e+02,0.00000000000000000e+00
-5.45862376463829264e+02,-5.45862376463829264e+02,0.00000000000000000e+00
-5.45862376463829264e+02,-5.45862376463829264e+02,0.00000000000000000e+00
-5.45862376463829264e+02,-5.45862376463829264e+02,0.00000000000000000e+00
-5.45862376463829264e+02,-5.45862376463829264e+02,0.00000000000000000e+00
-5.45862376463829264e+02,-5.45862376463829264e+02,0.00000000000000000e+00
-5.46290169429744424e+02,-5.46290169429744424e+02,0.00000000000000000e+00
-5.46290169429744424e+02,-5.46290169429744424e+02,0.00000000000000000e+00
-5.46290169429744424e+02,-5.46290169429744424e+02,0.00000000000000000e+00
-5.46265021363332494e+02,-5.46265021363332494e+02,0.00000000000000000e+00
-5.46265021363332494e+02,-5.46265021363332494e+02,0.00000000000000000e+00
-5.45521411282404074e+02,-5.45521411282404074e+02,0.00000000000000000e+00
-5.45707749057267279e+02,-5.45707749057267279e+02,0.00000000000000000e+00
-5.48352275228932513e+02,-5.48352275228932513e+02,0.00000000000000000e+00
-5.48738086071505563e+02,-5.48738086071505563e+02,0.00000000000000000e+00
-5.48738086071505563e+02,-5.48738086071505563e+02,0.00000000000000000e+00
-5.48738086071505563e+02,-5.48738086071505563e+02,0.00000000000000000e+00
-5.48738086071505563e+02,-5.48738086071505563e+02,0.00000000000000000e+00
-5.45022738537386431e+02,-5.45022738537386431e+02,0.00000000000000000e+00
-5.45022738537386431e+02,-5.45022738537386431e+02,0.00000000000000000e+00
-5.45240848255932406e+02,-5.45240848255932406e+02,0.00000000000000000e+00
-5.45240848255932406e+02,-5.45240848255932406e+02,0.00000000000000000e+00
-5.44433555689864647e+02,-5.44433555689864647e+02,0.00000000000000000e+00
-5.44433555689864647e+02,-5.44433555689864647e+02,0.00000000000000000e+00
-5.44433555689864647e+02,-5.44433555689864647e+02,0.00000000000000000e+00
-5.44433555689864647e+02,-5.44433555689864647e+02,0.00000000000000000e+00
-5.44408764452886771e+02,-5.44408764452886771e+02,0.00000000000000000e+00
-5.44408764452886771e+02,-5.44408764452886771e+02,0.00000000000000000e+00
-5.44340070098150250e+02,-5.44340070098150250e+02,0.00000000000000000e+00
-5.44340070098150250e+02,-5.44340070098150250e+02,0.00000000000000000e+00
-5.44850400217646893e+02,-5.44850400217646893e+02,0.00000000000000000e+00
-5.44850400217646893e+02,-5.44850400217646893e+02,0.00000000000000000e+00
-5.44850400217646893e+02,-5.44850400217646893e+02,0.00000000000000000e+00
-5.44850400217646893e+02,-5.44850400217646893e+02,0.00000000000000000e+00
-5.44955748576983069e+02,-5.44955748576983069e+02,0.00000000000000000e+00
-5.44955748576983069e+02,-5.44955748576983069e+02,0.00000000000000000e+00
-5.44955748576983069e+02,-5.44955748576983069e+02,0.00000000000000000e+00
-5.44955748576983069e+02,-5.44955748576983069e+02,0.00000000000000000e+00
-5.44955748576983069e+02,-5.44955748576983069e+02,0.00000000000000000e+00
-5.44955748576983069e+02,-5.44955748576983069e+02,0.00000000000000000e+00
-5.44955748576983069e+02,-5.44955748576983069e+02,0.00000000000000000e+00
-5.44955748576983069e+02,-5.44955748576983069e+02,0.00000000000000000e+00
-5.44955748576983069e+02,-5.44955748576983069e+02,0.00000000000000000e+00
-5.44955748576983069e+02,-5.44955748576983069e+02,0.00000000000000000e+00
-5.44955748576983069e+02,-5.44955748576983069e+02,0.00000000000000000e+00
-5.44955748576983069e+02,-5.44955748576983069e+02,0.00000000000000000e+00
-5.46387433938749382e+02,-5.46387433938749382e+02,0.00000000000000000e+00
-5.46387433938749382e+02,-5.46387433938749382e+02,0.00000000000000000e+00
-5.46387433938749382e+02,-5.46387433938749382e+02,0.00000000000000000e+00
-5.46258695726243559e+02,-5.46258695726243559e+02,0.00000000000000000e+00
-5.46037148753978272e+02,-5.46037148753978272e+02,0.00000000000000000e+00
-5.46037148753978272e+02,-5.46037148753978272e+02,0.00000000000000000e+00
-5.46037148753978272e+02,-5.46037148753978272e+02,0.00000000000000000e+00
-5.46037148753978272e+02,-5.46037148753978272e+02,0.00000000000000000e+00
-5.44785670465696739e+02,-5.44785670465696739e+02,0.00000000000000000e+00
-5.44785670465696739e+02,-5.44785670465696739e+02,0.00000000000000000e+00
-5.44785670465696739e+02,-5.44785670465696739e+02,0.00000000000000000e+00
-5.44785670465696739e+02,-5.44785670465696739e+02,0.00000000000000000e+00
-5.44785670465696739e+02,-5.44785670465696739e+02,0.00000000000000000e+00
-5.44785670465696739e+02,-5.44785670465696739e+02,0.00000000000000000e+00
-5.44785670465696739e+02,-5.44785670465696739e+02,0.00000000000000000e+00
-5.44785670465696739e+02,-5.44785670465696739e+02,0.00000000000000000e+00
-5.44785670465696739e+02,-5.44785670465696739e+02,0.00000000000000000e+00
-5.44785670465696739e+02,-5.44785670465696739e+02,0.00000000000000000e+00
-5.44785670465696739e+02,-5.44785670465696739e+02,0.00000000000000000e+00
-5.44785670465696739e+02,-5.44785670465696739e+02,0.00000000000000000e+00
-5.44785670465696739e+02,-5.44785670465696739e+02,0.00000000000000000e+00
-5.46220431193324316e+02,-5.46220431193324316e+02,0.00000000000000000e+00
-5.46220431193324316e+02,-5.46220431193324316e+02,0.00000000000000000e+00
-5.46220431193324316e+02,-5.46220431193324316e+02,0.00000000000000000e+00
-5.46220431193324316e+02,-5.46220431193324316e+02,0.00000000000000000e+00
-5.46220431193324316e+02,-5.46220431193324316e+02,0.00000000000000000e+00
-5.46220431193324316e+02,-5.46220431193324316e+02,0.00000000000000000e+00
-5.46128253442004620e+02,-5.46128253442004620e+02,0.00000000000000000e+00
-5.46128253442004620e+02,-5.46128253442004620e+02,0.00000000000000000e+00
-5.46128253442004620e+02,-5.46128253442004620e+02,0.00000000000000000e+00
-5.46128253442004620e+02,-5.46128253442004620e+02,0.00000000000000000e+00
-5.46128253442004620e+02,-5.46128253442004620e+02,0.00000000000000000e+00
-5.46128253442004620e+02,-5.46128253442004620e+02,0.00000000000000000e+00
-5.46128253442004620e+02,-5.46128253442004620e+02,0.00000000000000000e+00
-5.46128253442004620e+02,-5.46128253442004620e+02,0.00000000000000000e+00
-5.46128253442004620e+02,-5.46128253442004620e+02,0.00000000000000000e+00
-5.46128253442004620e+02,-5.46128253442004620e+02,0.00000000000000000e+00
-5.46128253442004620e+02,-5.46128253442004620e+02,0.00000000000000000e+00
-5.46128253442004620e+02,-5.46128253442004620e+02,0.00000000000000000e+00
-5.46128253442004620e+02,-5.46128253442004620e+02,0.00000000000000000e+00
-5.46128253442004620e+02,-5.46128253442004620e+02,0.00000000000000000e+00
-5.46128253442004620e+02,-5.46128253442004620e+02,0.00000000000000000e+00
-5.46238855336953975e+02,-5.46238855336953975e+02,0.00000000000000000e+00
-5.44880658562390522e+02,-5.44880658562390522e+02,0.00000000000000000e+00
-5.44880658562390522e+02,-5.44880658562390522e+02,0.00000000000000000e+00
-5.44880658562390522e+02,-5.44880658562390522e+02,0.00000000000000000e+00
-5.44880658562390522e+02,-5.44880658562390522e+02,0.00000000000000000e+00
-5.47436395669542890e+02,-5.47436395669542890e+02,0.00000000000000000e+00
-5.48393563363732142e+02,-5.48393563363732142e+02,0.00000000000000000e+00
-5.48393563363732142e+02,-5.48393563363732142e+02,0.00000000000000000e+00
-5.48393563363732142e+02,-5.48393563363732142e+02,0.00000000000000000e+00
-5.48393563363732142e+02,-5.48393563363732142e+02,0.00000000000000000e+00
-5.48393563363732142e+02,-5.48393563363732142e+02,0.00000000000000000e+00
-5.48393563363732142e+02,-5.48393563363732142e+02,0.00000000000000000e+00
-5.48393563363732142e+02,-5.48393563363732142e+02,0.00000000000000000e+00
-5.48393563363732142e+02,-5.48393563363732142e+02,0.00000000000000000e+00
-5.48393563363732142e+02,-5.48393563363732142e+02,0.00000000000000000e+00
-5.48393563363732142e+02,-5.48393563363732142e+02,0.00000000000000000e+00
-5.48393563363732142e+02,-5.48393563363732142e+02,0.00000000000000000e+00
-5.46953960358479662e+02,-5.46953960358479662e+02,0.00000000000000000e+00
-5.46953960358479662e+02,-5.46953960358479662e+02,0.00000000000000000e+00
-5.46953960358479662e+02,-5.46953960358479662e+02,0.00000000000000000e+00
-5.46953960358479662e+02,-5.46953960358479662e+02,0.00000000000000000e+00
-5.46953960358479662e+02,-5.46953960358479662e+02,0.00000000000000000e+00
-5.46953960358479662e+02,-5.46953960358479662e+02,0.00000000000000000e+00
-5.46953960358479662e+02,-5.46953960358479662e+02,0.00000000000000000e+00
-5.46953960358479662e+02,-5.46953960358479662e+02,0.00000000000000000e+00
-5.46953960358479662e+02,-5.46953960358479662e+02,0.00000000000000000e+00
-5.46953960358479662e+02,-5.46953960358479662e+02,0.00000000000000000e+00
-5.46953960358479662e+02,-5.46953960358479662e+02,0.00000000000000000e+00
-5.46953960358479662e+02,-5.46953960358479662e+02,0.00000000000000000e+00
-5.46953960358479662e+02,-5.46953960358479662e+02,0.00000000000000000e+00
-5.46953960358479662e+02,-5.46953960358479662e+02,0.00000000000000000e+00
-5.46953960358479662e+02,-5.46953960358479662e+02,0.00000000000000000e+00
-5.46953960358479662e+02,-5.46953960358479662e+02,0.00000000000000000e+00
-5.46953960358479662e+02,-5.46953960358479662e+02,0.00000000000000000e+00
-5.46072354239128231e+02,-5.46072354239128231e+02,0.00000000000000000e+00
-5.46072354239128231e+02,-5.46072354239128231e+02,0.00000000000000000e+00
-5.45671732650546573e+02,-5.45671732650546573e+02,0.00000000000000000e+00
-5.45671732650546573e+02,-5.45671732650546573e+02,0.00000000000000000e+00
-5.45671732650546573e+02,-5.45671732650546573e+02,0.00000000000000000e+00
-5.47249485780989630e+02,-5.47249485780989630e+02,0.00000000000000000e+00
-5.47249485780989630e+02,-5.47249485780989630e+02,0.00000000000000000e+00
-5.46706889346105299e+02,-5.46706889346105299e+02,0.00000000000000000e+00
-5.46706889346105299e+02,-5.46706889346105299e+02,0.00000000000000000e+00
-5.46706889346105299e+02,-5.46706889346105299e+02,0.00000000000000000e+00
-5.46706889346105299e+02,-5.46706889346105299e+02,0.00000000000000000e+00
-5.46706889346105299e+02,-5.46706889346105299e+02,0.00000000000000000e+00
-5.46657659207865208e+02,-5.46657659207865208e+02,0.00000000000000000e+00
-5.46657659207865208e+02,-5.46657659207865208e+02,0.00000000000000000e+00
-5.46641777055618945e+02,-5.46641777055618945e+02,0.00000000000000000e+00
